排名,球员姓名,球队,比赛场次,出场时间,得分,篮板,助攻,抢断,盖帽,投篮命中率,三分命中数,三分命中率%,罚球命中率
1,谢伊 吉尔杰斯-亚历山大,雷霆,76,34.2,32.7,5,6.4,1.7,1,51.9%,163,37.5%,89.8%
2,扬尼斯 安特托昆博,雄鹿,67,34.2,30.4,11.9,6.5,0.9,1.2,60.1%,14,22.2%,61.7%
3,尼古拉 约基奇,掘金,70,36.7,29.6,12.7,10.2,1.8,0.6,57.6%,138,41.7%,80%
4,卢卡 东契奇,独行侠,28,35.1,28.2,8.1,7.5,1.6,0.4,43.8%,102,37.9%,79.1%
5,卢卡 东契奇,独行侠,22,35.7,28.1,8.3,7.8,2,0.4,46.4%,75,35.4%,76.7%
6,安东尼 爱德华兹,森林狼,79,36.3,27.6,5.7,4.5,1.2,0.6,44.7%,320,39.5%,83.7%
7,杰森 塔图姆,凯尔特人,72,36.4,26.8,8.7,6,1.1,0.5,45.2%,250,34.3%,81.4%
8,凯文 杜兰特,太阳,62,36.5,26.6,6,4.2,0.8,1.2,52.7%,160,43%,83.9%
9,泰雷塞 马克西,76人,52,37.7,26.3,3.3,6.1,1.8,0.4,43.7%,161,33.7%,87.9%
10,凯德 坎宁安,活塞,70,35,26.1,6.1,9.1,1,0.8,46.9%,149,35.6%,84.6%
11,杰伦 布伦森,尼克斯,65,35.4,26,2.9,7.3,0.9,0.1,48.7%,152,38.3%,82.1%
12,保罗 班凯罗,魔术,46,34.4,25.9,7.5,4.8,0.8,0.6,45.2%,87,32%,72.7%
13,安东尼 戴维斯,独行侠,42,34.3,25.7,11.9,3.4,1.3,2.1,52.8%,28,29.8%,78.8%
14,德文 布克,太阳,75,37.3,25.6,4.1,7.1,0.9,0.2,46.1%,183,33.2%,89.4%
15,拉梅洛 鲍尔,黄蜂,47,32,25.2,4.9,7.4,1.1,0.3,40.5%,179,33.9%,84.3%
16,达龙 福克斯,国王,45,37,25,5,6.1,1.5,0.4,46.9%,92,32.2%,82.9%
17,达米安 利拉德,雄鹿,58,36.1,24.9,4.7,7.1,1.2,0.2,44.8%,197,37.6%,92.1%
18,凯里 欧文,独行侠,50,36.1,24.7,4.8,4.6,1.3,0.5,47.3%,144,40.1%,91.6%
19,锡安 威廉姆森,鹈鹕,30,28.6,24.6,7.2,5.3,1.2,0.9,56.7%,3,23.1%,65.6%
20,斯蒂芬 库里,勇士,70,32.2,24.5,4.4,6,1.1,0.4,44.8%,311,39.7%,93.3%
21,卡尔-安东尼 唐斯,森林狼,72,35,24.4,12.8,3.1,1,0.7,52.6%,142,42%,82.9%
22,勒布朗 詹姆斯,湖人,70,34.9,24.4,7.8,8.2,1,0.6,51.3%,149,37.6%,78.2%
23,维克托 文班亚马,马刺,46,33.2,24.3,11,3.7,1.1,3.8,47.6%,142,35.2%,83.6%
24,弗朗茨 瓦格纳,魔术,60,33.7,24.2,5.7,4.7,1.3,0.4,46.3%,104,29.5%,87.1%
25,特雷 杨,老鹰,76,36,24.2,3.1,11.6,1.2,0.2,41.1%,218,34%,87.5%
26,多诺万 米切尔,骑士,71,31.4,24,4.5,5,1.3,0.2,44.3%,233,36.8%,82.3%
27,扎克 拉文,公牛,42,34.1,24,4.8,4.5,0.9,0.2,51.1%,136,44.6%,79.7%
28,卡姆 托马斯,篮网,25,31.2,24,3.3,3.8,0.6,0.1,43.8%,68,34.9%,88.1%
29,泰勒 希罗,热火,77,35.4,23.9,5.2,5.5,0.9,0.2,47.2%,251,37.5%,87.8%
30,乔尔 恩比德,76人,19,30.2,23.8,8.2,4.5,0.7,0.9,44.4%,23,29.9%,88.2%
31,贾 莫兰特,灰熊,50,30.4,23.2,4.1,7.3,1.2,0.2,45.4%,88,30.9%,82.4%
32,詹姆斯 哈登,快船,79,35.3,22.8,5.8,8.7,1.5,0.7,41%,235,35.2%,87.4%
33,扎克 拉文,公牛,32,36.6,22.4,3.5,3.8,0.6,0.1,51.1%,103,44.6%,87.4%
34,德马尔 德罗赞,国王,77,35.9,22.2,3.9,4.4,0.8,0.4,47.7%,84,32.8%,85.7%
35,布兰登 英格拉姆,鹈鹕,18,33.1,22.2,5.6,5.2,0.9,0.6,46.5%,43,37.4%,85.5%
36,杰伦 布朗,凯尔特人,63,34.3,22.2,5.8,4.5,1.2,0.3,46.3%,116,32.4%,76.4%
37,贾伦 杰克逊,灰熊,74,29.8,22.2,5.6,2,1.2,1.5,48.8%,146,37.5%,78.1%
38,昆廷 格里姆斯,独行侠,28,33.7,21.9,5.2,4.5,1.5,0.4,46.9%,82,37.3%,75.2%
39,诺曼 鲍威尔,快船,60,32.6,21.8,3.2,2.1,1.2,0.2,48.4%,179,41.8%,80.4%
40,杰伦 威廉姆斯,雷霆,69,32.4,21.6,5.3,5.1,1.6,0.7,48.4%,124,36.5%,78.9%
41,科怀 伦纳德,快船,37,31.9,21.5,5.9,3.1,1.6,0.5,49.8%,78,41.1%,81%
42,贾马尔 穆雷,掘金,67,36.1,21.4,3.9,6,1.4,0.5,47.4%,156,39.3%,88.6%
43,特雷 墨菲三世,鹈鹕,53,35,21.2,5.1,3.5,1.1,0.7,45.4%,158,36.1%,88.7%
44,CJ 麦科勒姆,鹈鹕,56,32.7,21.1,3.8,4.1,0.8,0.4,44.4%,171,37.3%,71.7%
45,RJ 巴雷特,猛龙,58,32.2,21.1,6.3,5.4,0.8,0.3,46.8%,107,35%,63%
46,布兰登 米勒,黄蜂,27,34.2,21,4.9,3.6,1.1,0.7,40.3%,104,35.5%,86.1%
47,杰伦 格林,火箭,82,32.9,21,4.6,3.4,0.9,0.3,42.3%,234,35.4%,81.3%
48,达柳斯 加兰,骑士,75,30.7,20.6,2.9,6.7,1.2,0.1,47.2%,212,40.1%,87.8%
49,乔丹 普尔,奇才,68,29.4,20.5,3,4.5,1.3,0.4,43.2%,235,37.8%,88.3%
50,科比 怀特,公牛,74,33.1,20.4,3.7,4.5,0.9,0.2,45.3%,216,37%,90.2%
51,迈尔斯 布里奇斯,黄蜂,64,31.7,20.3,7.5,3.9,0.7,0.7,43.1%,141,31.3%,87%
52,奥斯汀 里夫斯,湖人,73,34.9,20.2,4.5,5.8,1.1,0.3,46%,200,37.7%,87.7%
53,帕斯卡尔 西亚卡姆,步行者,78,32.7,20.2,6.9,3.4,0.9,0.5,51.9%,126,38.9%,73.4%
54,安东尼 戴维斯,独行侠,9,29.6,20,10.1,4.4,0.6,2.2,46.1%,7,23.3%,68.8%
55,达龙 福克斯,国王,17,34,19.7,4.3,6.8,1.5,0.3,44.6%,26,27.4%,81.9%
56,克里斯塔普斯 波尔津吉斯,凯尔特人,42,28.8,19.5,6.8,2.1,0.7,1.5,48.3%,103,41.2%,80.9%
57,安芬尼 西蒙斯,开拓者,70,32.7,19.3,2.7,4.8,0.9,0.1,42.6%,215,36.3%,90.2%
58,斯科蒂 巴恩斯,猛龙,65,32.8,19.3,7.7,5.8,1.4,1,44.6%,76,27.1%,75.5%
59,戴斯蒙德 贝恩,魔术,69,32,19.2,6.1,5.3,1.2,0.4,48.4%,164,39.2%,89.4%
60,多曼塔斯 萨博尼斯,国王,70,34.7,19.1,13.9,6,0.7,0.4,59%,65,41.7%,75.4%
61,阿尔佩伦 申京,火箭,76,31.5,19.1,10.3,4.9,1.1,0.8,49.6%,21,23.3%,69.2%
62,德安德烈 亨特,老鹰,37,28.8,19,3.9,1.5,0.8,0.1,46.1%,97,39.3%,85.8%
63,劳里 马尔卡宁,爵士,47,31.4,19,5.9,1.5,0.7,0.4,42.3%,138,34.6%,87.6%
64,约翰 科林斯,爵士,40,30.5,19,8.2,2,1,1,52.7%,59,39.9%,84.8%
65,安德鲁 维金斯,勇士,17,32.1,19,4.2,3.3,1.2,1,45.8%,36,36%,73.1%
66,杰伦 约翰逊,老鹰,36,35.7,18.9,10,5,1.6,1,50%,44,31.2%,74.6%
67,卡梅隆 约翰逊,篮网,57,31.6,18.8,4.3,3.4,0.9,0.4,47.5%,159,39%,89.3%
68,朱利叶斯 兰德尔,森林狼,69,32.3,18.7,7.1,4.7,0.7,0.2,48.5%,108,34.4%,80.6%
69,泰雷塞 哈利伯顿,步行者,73,33.6,18.6,3.5,9.2,1.4,0.7,47.3%,218,38.8%,85.1%
70,谢登 夏普,开拓者,72,31.3,18.5,4.5,2.8,0.9,0.2,45.2%,147,31.1%,78.5%
71,埃文 莫布利,骑士,71,30.5,18.5,9.3,3.2,0.9,1.6,55.7%,85,37%,72.5%
72,尼古拉 武切维奇,公牛,73,31.2,18.5,10.1,3.5,0.8,0.7,53%,129,40.2%,80.5%
73,科林 塞克斯顿,爵士,63,27.9,18.4,2.7,4.2,0.7,0.1,48%,110,40.6%,86.5%
74,丹尼斯 施罗德,勇士,23,33.6,18.4,3,6.6,1.1,0.2,45.2%,58,38.7%,88.9%
75,迈克尔 波特,掘金,77,33.7,18.2,7,2.1,0.6,0.5,50.4%,193,39.5%,76.8%
76,巴姆 阿德巴约,热火,78,34.3,18.1,9.6,4.3,1.3,0.7,48.5%,79,35.7%,76.5%
77,OG 阿努诺比,尼克斯,74,36.6,18,4.8,2.2,1.5,0.9,47.6%,171,37.2%,81%
78,吉米 巴特勒三世,勇士,30,32.7,17.9,5.5,5.9,1.7,0.3,47.6%,19,27.9%,87%
79,杰登 艾维,活塞,30,29.9,17.6,4.1,4,0.9,0.4,46%,63,40.9%,73.3%
80,米卡尔 布里奇斯,尼克斯,82,37,17.6,3.2,3.7,0.9,0.5,50%,164,35.4%,81.4%
81,安德鲁 维金斯,勇士,43,30.1,17.6,4.6,2.4,0.9,0.8,44.4%,94,37.9%,77.7%
82,德章泰 穆雷,鹈鹕,31,32.6,17.5,6.5,7.4,2,0.4,39.3%,52,29.9%,82.3%
83,马利克 蒙克,国王,65,31.6,17.2,3.8,5.6,0.9,0.6,43.9%,139,32.5%,86.5%
84,伊曼纽尔 奎克利,猛龙,33,27.8,17.1,3.5,5.8,0.7,0.1,42%,85,37.8%,86.7%
85,雅各布 托平,老鹰,1,27,17,4,2,0,0,50%,5,62.5%,0%
86,吉米 巴特勒三世,勇士,25,30.6,17,5.2,4.8,1.1,0.4,54%,13,36.1%,80.1%
87,布拉德利 比尔,太阳,53,32.1,17,3.3,3.7,1.1,0.5,49.7%,102,38.6%,80.3%
88,德尼 阿夫迪亚,开拓者,72,30,16.9,7.3,3.9,1,0.5,47.6%,125,36.5%,78%
89,伊维察 祖巴茨,快船,80,32.8,16.8,12.6,2.7,0.7,1.1,62.8%,0,0%,66.1%
90,基恩特 乔治,爵士,67,31.5,16.8,3.8,5.6,0.7,0.1,39.1%,174,34.3%,81.8%
91,德里克 怀特,凯尔特人,76,33.9,16.4,4.5,4.8,0.9,1.1,44.2%,265,38.4%,83.9%
92,马利克 比斯利,活塞,82,27.8,16.3,2.6,1.7,0.9,0.1,43%,319,41.6%,67.9%
93,德文 瓦塞尔,马刺,64,31,16.3,4,2.9,1.3,0.5,44.3%,158,36.8%,79.2%
94,杰伦 萨格斯,魔术,35,28.6,16.2,4,3.7,1.5,0.9,41%,76,31.4%,88.2%
95,乔丹 克拉克森,爵士,37,26,16.2,3.2,3.7,0.8,0.2,40.8%,84,36.2%,79.7%
96,保罗 乔治,76人,41,32.5,16.2,5.3,4.3,1.8,0.5,43%,96,35.8%,81.4%
97,本内迪克特 马图林,步行者,72,29.8,16.1,5.3,1.9,0.7,0.3,45.8%,98,34%,83.1%
98,迈尔斯 特纳,步行者,72,30.2,15.6,6.5,1.5,0.8,2,48.1%,156,39.6%,77.3%
99,克里斯蒂安 布劳恩,掘金,79,33.9,15.4,5.2,2.6,1.1,0.5,58%,89,39.7%,82.7%
100,乔纳森 库明加,勇士,47,24.3,15.3,4.6,2.2,0.8,0.4,45.4%,46,30.5%,66.8%
101,乔纳森 库明加,勇士,47,24.3,15.3,4.6,2.2,0.8,0.4,45.4%,46,30.5%,66.8%
102,贾里德 麦凯恩,76人,23,25.7,15.3,2.4,2.6,0.7,0,46%,51,38.3%,87.5%
103,凯尔 库兹马,雄鹿,32,27.7,15.2,5.8,2.5,0.6,0.2,42%,45,28.1%,60.2%
104,凯利 乌布雷,76人,60,34.6,15.1,6.1,1.8,1.5,0.5,47%,71,29.3%,75.1%
105,切特 霍姆格伦,雷霆,32,27.4,15,8,2,0.7,2.2,49%,44,37.9%,75.4%
106,卡里斯 勒维尔,老鹰,26,26.6,14.9,3.7,2.9,0.9,0.5,48.2%,46,33.8%,72.2%
107,斯蒂芬 卡斯尔,马刺,81,26.7,14.7,3.7,4.1,0.9,0.3,42.8%,95,28.5%,72.4%
108,PJ 华盛顿,独行侠,57,32.2,14.7,7.8,2.3,1.1,1.1,45.3%,91,38.1%,72.2%
109,阿隆 戈登,掘金,51,28.4,14.7,4.8,3.2,0.5,0.3,53.1%,75,43.6%,81%
110,约什 吉迪,公牛,70,30.2,14.6,8.1,7.2,1.2,0.6,46.5%,105,37.8%,78.1%
111,凯尔 库兹马,雄鹿,33,31.8,14.5,5.6,2.2,0.5,0.4,45.5%,51,33.3%,66.3%
112,雅各布 珀尔特尔,猛龙,57,29.6,14.5,9.6,2.8,1.2,1.2,62.7%,1,33.3%,67.4%
113,德安德烈 艾顿,开拓者,40,30.2,14.4,10.2,1.6,0.8,1,56.6%,6,18.8%,66.7%
114,格雷迪 迪克,猛龙,54,29.4,14.4,3.6,1.8,0.9,0.2,41%,114,35%,85.8%
115,杰拉米 格兰特,开拓者,47,32.4,14.4,3.5,2.1,0.9,1,37.3%,108,36.5%,84.9%
116,佩顿 普里查德,凯尔特人,80,28.4,14.3,3.8,3.5,0.9,0.2,47.2%,255,40.7%,84.5%
117,德安德烈 亨特,老鹰,27,25,14.3,4.2,1.3,0.7,0.3,48.5%,60,42.6%,82.1%
118,纳兹 里德,森林狼,80,27.5,14.2,6,2.3,0.7,0.9,46.2%,175,37.9%,77.6%
119,戴森 丹尼尔斯,老鹰,76,33.8,14.1,5.9,4.4,3,0.7,49.3%,80,34%,59.3%
120,弗雷德 范弗里特,火箭,60,35.2,14.1,3.7,5.6,1.6,0.4,37.8%,159,34.5%,81%
121,特雷 曼恩,黄蜂,13,24.5,14.1,2.9,3,0.5,0.3,43.5%,24,40%,90.5%
122,阿门 汤普森,火箭,69,32.2,14.1,8.2,3.8,1.4,1.3,55.7%,25,27.5%,68.4%
123,狄龙 布鲁克斯,火箭,75,31.8,14,3.7,1.7,0.8,0.2,42.9%,186,39.7%,81.8%
124,克莱 汤普森,独行侠,72,27.3,14,3.4,2,0.7,0.4,41.2%,216,39.1%,90.5%
125,托鲁 史密斯,活塞,1,22,14,8,0,0,0,66.7%,0,0%,66.7%
126,鲍比 波蒂斯,雄鹿,49,25.4,13.9,8.4,2.1,0.7,0.5,46.6%,65,36.5%,83.6%
127,托拜厄斯 哈里斯,活塞,73,31.6,13.7,5.9,2.2,1,0.8,47.7%,91,34.5%,86.1%
128,约什 哈特,尼克斯,77,37.6,13.6,9.6,5.9,1.5,0.4,52.5%,84,33.3%,77.6%
129,贾勒特 阿伦,骑士,82,28,13.5,9.7,1.9,0.9,0.9,70.6%,0,0%,71.8%
130,奥耶卡 奥孔古,老鹰,74,27.9,13.4,8.9,2.3,0.9,0.9,56.7%,48,32.4%,75.9%
131,拉塞尔 威斯布鲁克,掘金,75,27.9,13.3,4.9,6.1,1.4,0.5,44.9%,94,32.3%,66.1%
132,凯文 许尔特,公牛,26,30,13.2,3.3,3.2,1.2,0.3,43.9%,70,37.6%,71.4%
133,纳吉 马绍尔,独行侠,69,27.8,13.2,4.8,3,1,0.2,50.8%,60,27.5%,81.3%
134, 八村垒,湖人,59,31.7,13.1,5,1.4,0.8,0.4,50.9%,102,41.3%,77%
135,亚历克斯 萨尔,奇才,67,27.1,13,6.5,2.4,0.7,1.5,39.4%,105,30.8%,67.9%
136,布鲁克 洛佩兹,雄鹿,80,31.8,13,5,1.8,0.6,1.9,50.9%,139,37.3%,82.6%
137,丹吉洛 拉塞尔,湖人,29,24.7,12.9,2.8,5.6,1.1,0.7,36.7%,57,29.7%,82.6%
138,莫里茨 瓦格纳,魔术,30,18.8,12.9,4.9,1.4,0.8,0.4,56.2%,27,36%,71.8%
139,斯库特 亨德森,开拓者,66,26.7,12.7,3,5.1,1,0.2,41.9%,105,35.4%,76.7%
140,凯尔登 约翰逊,马刺,77,23.9,12.7,4.8,1.6,0.6,0.3,48.2%,87,31.8%,77.3%
141,马尔科姆 布罗格登,奇才,24,23.5,12.7,3.8,4.1,0.5,0.2,43.3%,16,28.6%,88%
142,扎卡里 里萨谢,老鹰,75,24.6,12.6,3.6,1.2,0.7,0.5,45.8%,122,35.5%,71.1%
143,克里斯 米德尔顿,雄鹿,23,23.2,12.6,3.7,4.4,0.7,0.2,51.2%,35,40.7%,84.8%
144,泰 杰尔姆,骑士,70,19.9,12.5,2.5,3.4,1.1,0.1,51.6%,111,43.9%,87.2%
145,桑迪 阿尔达马,灰熊,65,25.5,12.5,6.4,2.9,0.8,0.4,48.3%,120,36.8%,69.1%
146,基根 穆雷,国王,76,34.3,12.4,6.7,1.4,0.8,0.9,44.4%,154,34.3%,83.3%
147,朗尼 沃克四世,凯尔特人,20,23.9,12.4,3.2,2.5,0.5,0.3,42%,45,35.4%,80%
148,丹吉洛 拉塞尔,湖人,29,26.3,12.4,2.8,4.7,0.8,0.1,41.5%,56,33.3%,84.9%
149,阿约 多苏穆,公牛,46,30.3,12.3,3.5,4.5,0.9,0.4,49.2%,62,32.8%,78.5%
150,丹尼尔 加福德,独行侠,57,21.5,12.3,6.8,1.4,0.4,1.8,70.2%,0,0%,68.9%
151,比拉尔 库利巴利,奇才,59,33,12.3,5,3.4,1.3,0.7,42.1%,63,28.1%,74.6%
152,哈里森 巴恩斯,马刺,82,27.2,12.3,3.8,1.7,0.5,0.2,50.8%,156,43.3%,80.9%
153,杰登 麦克丹尼尔斯,森林狼,82,31.9,12.2,5.7,2,1.3,0.9,47.7%,100,33%,81.3%
154,贾巴里 史密斯,火箭,57,30.1,12.2,7,1.1,0.4,0.7,43.8%,98,35.4%,82.5%
155,乔治斯 尼昂,老鹰,28,23,12.1,3,1.6,0.4,0.3,44.1%,76,41.3%,79.3%
156,德鲁 蒂默,篮网,9,28.2,12.1,7.2,2.2,0.4,0.1,44.1%,9,25.7%,62.5%
157,阿隆 维金斯,雷霆,76,22.9,12,3.9,1.8,0.8,0.2,48.8%,130,38.3%,83.1%
158,鲁迪 戈贝尔,森林狼,72,33.2,12,10.9,1.8,0.8,1.4,66.9%,0,0%,67.4%
159,阿隆 内史密斯,步行者,45,24.9,12,4,1.2,0.8,0.4,50.7%,84,43.1%,91.2%
160,塔里 伊森,火箭,57,24.9,12,6.4,1.5,1.7,0.9,48.7%,63,34.2%,76%
161,杰伦 杜伦,活塞,78,26.1,11.8,10.3,2.7,0.7,1.1,69.2%,0,0%,66.9%
162,摩西 布朗,独行侠,4,18.3,11.8,7.8,0.5,1,0.8,72.4%,0,0%,83.3%
163,凯文 波特,快船,30,19.9,11.7,3.9,3.7,1.3,0.1,49.4%,29,40.8%,87.1%
164,布兰丁 波齐姆斯基,勇士,64,26.8,11.7,5.1,3.4,1.1,0.2,44.5%,115,37.2%,75.8%
165,唐特 迪温琴佐,森林狼,62,25.9,11.7,3.7,3.6,1.2,0.3,42.2%,174,39.7%,77.8%
166,科里 基斯珀特,奇才,61,26.3,11.6,3,1.7,0.4,0.2,45.1%,120,36.4%,85.2%
167,约纳斯 瓦兰丘纳斯,国王,49,20,11.5,8.2,2.2,0.4,0.6,54.7%,7,25.9%,89.6%
168,贾里德 巴特勒,76人,28,24.4,11.5,2.5,4.9,1.1,0.3,42.6%,45,35.2%,87%
169,特雷 琼斯,公牛,18,25.3,11.5,3.2,4.9,1.1,0.3,57.2%,11,50%,88.2%
170,贾里德 罗登,猛龙,10,21.5,11.4,3.8,1.4,0.9,0.2,50.6%,12,32.4%,88%
171,卡伊 琼斯,独行侠,12,21.7,11.4,6.6,1.3,0.8,0.8,83.6%,1,33.3%,70%
172,杰里米 索汉,马刺,54,25.3,11.4,6.5,2.4,0.8,0.5,53.5%,28,30.8%,69.6%
173,博格丹 博格达诺维奇,老鹰,30,25,11.4,3.1,3.2,0.7,0.2,47.4%,61,42.7%,87.5%
174,图马尼 卡马拉,开拓者,78,32.7,11.3,5.8,2.2,1.5,0.6,45.8%,135,37.5%,72.2%
175,以赛亚 哈尔滕施泰因,雷霆,57,27.9,11.2,10.7,3.8,0.8,1.1,58.1%,0,0%,67.5%
176,马克斯 克里斯蒂,独行侠,32,30.4,11.2,4.2,2.5,0.9,0.3,41.1%,55,36.4%,86.2%
177,朱 霍勒迪,凯尔特人,62,30.6,11.1,4.3,3.9,1.1,0.4,44.3%,108,35.3%,90.9%
178,加里 特伦特,雄鹿,74,25.6,11.1,2.3,1.2,1,0.1,43.1%,180,41.6%,84.8%
179,沃克 科斯勒,爵士,58,30,11.1,12.2,1.7,0.6,2.4,66.3%,6,17.6%,52%
180,巴迪 希尔德,勇士,82,22.7,11.1,3.2,1.6,0.8,0.3,41.7%,203,37%,82.8%
181,蒂姆 哈达威,活塞,77,28,11,2.4,1.6,0.5,0.1,40.6%,168,36.8%,85.5%
182,斯宾塞 丁维迪,独行侠,79,27,11,2.6,4.4,0.9,0.2,41.6%,109,33.4%,80.2%
183,邓肯 罗宾逊,热火,74,24.1,11,2.3,2.4,0.5,0.1,43.7%,190,39.3%,88.7%
184,盖尔雄 亚布塞莱,76人,70,27.1,11,5.6,2.1,0.8,0.3,50.1%,104,38%,72.5%
185,布莱斯 森萨鲍,爵士,71,20.2,10.9,3,1.5,0.6,0.1,45.9%,157,42.2%,89%
186,乔丹 霍金斯,鹈鹕,56,23.6,10.8,2.8,1.2,0.5,0.4,37.2%,110,33.1%,81.6%
187,丹尼斯 施罗德,勇士,28,25.2,10.8,2.6,5.3,0.5,0.2,37.8%,32,30.2%,83.3%
188,凯利 奥利尼克,鹈鹕,20,25.4,10.7,5.9,3.6,0.9,0.6,50%,14,38.9%,75.4%
189,布兰登 波士顿,鹈鹕,42,23.6,10.7,3.2,2.2,1.3,0.2,43.6%,49,35%,78.8%
190,尼古拉 约维奇,热火,46,25.1,10.7,3.9,2.8,0.8,0.3,45.6%,78,37.1%,82.8%
191,克里斯 米德尔顿,雄鹿,14,22.1,10.7,3.7,3.4,1.3,0.2,41.3%,13,27.7%,86.8%
192,格雷森 阿伦,太阳,64,24.1,10.6,3,2.1,0.8,0.3,44.8%,149,42.6%,81.6%
193,特里 罗齐尔,热火,64,25.9,10.6,3.7,2.6,0.6,0.2,39.1%,91,29.5%,85.2%
194,基恩 约翰逊,篮网,79,24.4,10.6,3.8,2.2,1,0.4,38.9%,126,31.4%,77%
195,丹尼斯 施罗德,勇士,24,26.2,10.6,2.3,4.4,1,0.1,37.5%,37,32.2%,74.4%
196,奥比 托平,步行者,79,19.6,10.5,4,1.6,0.6,0.4,52.9%,110,36.5%,78.1%
197,多里安 芬尼-史密斯,湖人,20,29,10.4,4.6,1.6,0.9,0.6,45.9%,47,43.5%,62.5%
198,奥柴 阿巴基,猛龙,64,27.2,10.4,3.8,1.5,0.9,0.5,49.8%,101,39.9%,70.8%
199,格兰特 威廉姆斯,黄蜂,16,29.9,10.4,5.1,2.3,1.1,0.8,43.9%,27,36.5%,83.8%
200,杰伦 威尔斯,灰熊,79,25.9,10.4,3.4,1.7,0.6,0.1,42.5%,138,35.2%,82.2%
201,赫伯特 琼斯,鹈鹕,20,32.4,10.3,3.9,3.3,1.9,0.5,43.6%,22,30.6%,82.5%
202,何塞 阿尔瓦拉多,鹈鹕,56,24.4,10.3,2.4,4.6,1.3,0.3,39.2%,111,35.9%,81.1%
203,德安东尼 梅尔顿,勇士,6,20.2,10.3,3.3,2.8,1.2,0.3,40.7%,13,37.1%,62.5%
204,达维恩 米切尔,热火,30,31.6,10.3,2.7,5.3,1.4,0.3,50.4%,42,44.7%,70.2%
205,尼古拉斯 克拉克斯顿,篮网,70,26.9,10.3,7.4,2.2,0.9,1.4,56.3%,5,23.8%,51.3%
206,泰厄斯 琼斯,太阳,81,26.8,10.2,2.4,5.3,0.9,0.1,44.8%,166,41.4%,89.5%
207,卡里斯 勒维尔,老鹰,38,23.8,10.2,2.8,3.7,0.9,0.5,45.3%,60,40.5%,69.9%
208,昆廷 格里姆斯,独行侠,47,22.8,10.2,3.8,2.1,0.7,0.2,46.3%,80,39.8%,76.5%
209,以赛亚 乔,雷霆,74,21.7,10.2,2.6,1.6,0.6,0.1,44%,192,41.2%,82.1%
210,特伦登 沃特福德,篮网,44,20.8,10.2,3.6,2.6,0.6,0.3,46.9%,29,33%,76.2%
211,吕盖兹 多尔特,雷霆,71,29.2,10.1,4.1,1.6,1.1,0.5,43.5%,170,41.2%,71.7%
212,凯恩 布鲁克斯,鹈鹕,14,23.7,10.1,4.1,0.9,0.7,0.7,48.6%,14,32.6%,73.3%
213,贾斯汀 爱德华兹,76人,44,26.3,10.1,3.4,1.6,1,0.4,45.5%,69,36.3%,69.6%
214,德里克 琼斯,快船,77,24.3,10.1,3.4,0.8,1,0.4,52.6%,78,35.6%,70.3%
215,奥萨尔 汤普森,活塞,59,22.5,10.1,5.1,2.3,1.7,0.7,53.5%,11,22.4%,64.1%
216,博格丹 博格达诺维奇,老鹰,24,24.9,10,2.8,2,0.8,0.3,37.1%,44,30.1%,88.2%
217,扎伊尔 威廉姆斯,篮网,63,24.5,10,4.6,1.3,1,0.4,41.2%,103,34.1%,82.1%
218,安德鲁 内姆布哈德,步行者,65,28.9,10,3.3,5,1.2,0.2,45.8%,51,29.1%,79.4%
219,克里斯 布歇,猛龙,50,17.2,10,4.5,0.7,0.5,0.5,49.2%,70,36.3%,78.2%
220,斯科蒂 皮蓬,灰熊,79,21.3,9.9,3.3,4.4,1.3,0.4,48%,87,39.7%,71.3%
221,朱利安 尚帕涅,马刺,82,23.6,9.9,3.9,1.4,0.7,0.4,41.5%,178,37.1%,90.4%
222,尼克 史密斯,黄蜂,60,22.8,9.9,2.1,2.4,0.3,0.1,39.1%,104,34%,93.5%
223,特伦斯 曼恩,老鹰,30,22.7,9.8,3.1,2.1,0.6,0.1,54.1%,34,38.6%,66.7%
224,巴布 卡灵顿,奇才,82,30,9.8,4.2,4.4,0.7,0.3,40.1%,138,33.9%,81.2%
225,摩西 穆迪,勇士,74,22.3,9.8,2.6,1.3,0.8,0.4,43.3%,126,37.4%,79.7%
226,阿米尔 科菲,快船,72,24.3,9.7,2.2,1.1,0.6,0.1,47.1%,101,40.9%,89.1%
227,凯尔 菲利波夫斯基,爵士,72,21.1,9.6,6.1,1.9,0.7,0.3,50.2%,77,35%,65%
228,尼克 理查兹,太阳,36,22.7,9.5,8.6,0.6,0.2,0.8,60.5%,0,0%,82.2%
229,迈尔斯 麦克布莱德,尼克斯,64,24.9,9.5,2.5,2.9,1,0.3,40.6%,115,36.9%,81.3%
230,杰伦 威尔森,篮网,79,25.7,9.5,3.4,1.8,0.5,0.1,39.7%,122,33.7%,81.8%
231,托森 埃夫布奥姆万,快船,28,23.8,9.5,4.3,2,0.9,0.4,42.7%,24,31.2%,75.3%
232,马克斯 施特鲁斯,骑士,50,25.5,9.4,4.3,3.2,0.5,0.2,44.2%,113,38.6%,82.4%
233,尼基尔 亚历山大-沃克,森林狼,82,25.3,9.4,3.2,2.7,0.6,0.4,43.8%,141,38.1%,78%
234,特里斯坦 武克切维奇,奇才,35,14.7,9.4,3.7,1.1,0.3,0.7,49.6%,38,37.3%,77.6%
235,科尔 安东尼,魔术,67,18.4,9.4,3,2.9,0.7,0.5,42.4%,77,35.3%,82.3%
236,卡姆 惠特莫尔,火箭,51,16.2,9.4,3,1,0.6,0.3,44.4%,65,35.5%,75%
237,安东尼 布莱克,魔术,78,24.2,9.4,2.9,3.1,1.1,0.6,42.3%,62,31.8%,76.1%
238,凯尔 韦尔,热火,64,22.2,9.3,7.4,0.9,0.6,1.1,55.4%,35,31.5%,68.7%
239,凯文 波特,快船,45,19.6,9.3,3.6,3.2,1,0.2,42.3%,26,24.5%,64.5%
240,马库斯 斯马特,灰熊,15,18.7,9.3,1.9,2.5,1.1,0.2,44%,20,39.2%,68.6%
241,优素福 努尔基奇,太阳,26,18.1,9.2,6.5,2.6,0.7,0.7,49.7%,13,28.3%,62.7%
242,扎克 埃迪,灰熊,66,21.5,9.2,8.3,1,0.5,1.3,58%,18,34.6%,70.9%
243,AJ 约翰逊,雄鹿,22,27,9.1,2.4,3.1,0.5,0.1,38.1%,21,24.7%,88.6%
244,温德尔 卡特,魔术,68,25.9,9.1,7.2,2,0.8,0.6,46%,37,23.4%,73.7%
245,伊夫 米西,鹈鹕,73,26.8,9.1,8.2,1.4,0.5,1.3,54.7%,0,0%,62.3%
246,凯莱布 马丁,独行侠,31,30.4,9.1,4.4,2.2,1.1,0.6,43.5%,33,37.9%,62.2%
247,诺阿 克洛尼,篮网,46,22.7,9.1,3.9,0.9,0.5,0.5,35.8%,87,33.3%,83.8%
248,TJ 麦康奈尔,步行者,79,17.9,9.1,2.4,4.4,1.1,0.3,51.9%,15,30.6%,74%
249,达尔顿 克内克特,湖人,78,19.2,9.1,2.8,0.8,0.3,0.1,46.1%,128,37.6%,76.2%
250,AJ 劳森,独行侠,26,18.7,9.1,3.3,1.2,0.5,0.2,42.1%,33,32.7%,68.3%
251,温德尔 卡特,魔术,68,25.9,9.1,7.2,2,0.8,0.6,46%,37,23.4%,73.7%
252,艾尔 霍福德,凯尔特人,60,27.7,9,6.2,2.1,0.6,0.9,42.3%,114,36.3%,89.5%
253,帕特里克 威廉姆斯,公牛,63,25,9,3.8,2,0.8,0.5,39.7%,96,35.3%,72.3%
254,朱利安 斯特劳瑟,掘金,65,21.3,9,2.2,1.3,0.6,0.2,43.2%,94,34.9%,82.2%
255,德雷蒙德 格林,勇士,68,29.2,9,6.1,5.6,1.5,1,42.4%,80,32.5%,68.7%
256,基利安 海斯,篮网,6,27,9,3,5.2,0.7,0.7,41.9%,8,38.1%,83.3%
257,克林特 卡佩拉,老鹰,55,21.4,8.9,8.5,1.1,0.6,1,55.9%,0,0%,53.6%
258,约什 奥科吉,太阳,15,18.3,8.9,2.7,1.3,1.8,0.5,38.8%,16,32%,77.4%
259,尼克 理查兹,太阳,21,21,8.9,7.5,1.3,0.3,1.2,56.1%,0,0%,67.8%
260,卢克 肯纳德,灰熊,65,22.6,8.9,2.8,3.3,0.8,0.1,47.8%,113,43.3%,89.5%
261,约翰尼 朱赞,爵士,64,19.8,8.9,2.9,1.1,0.6,0.1,42.9%,118,37.6%,84.9%
262,斯维亚托斯拉夫 米哈伊柳克,爵士,38,20,8.8,2.4,2,0.5,0.2,39.1%,70,34.5%,80%
263,克里斯 保罗,马刺,82,28,8.8,3.6,7.4,1.3,0.3,42.7%,140,37.7%,92.4%
264,贾斯汀 尚帕涅,奇才,62,21.6,8.8,5.7,1,1,0.6,51.1%,74,38.3%,68.5%
265,以赛亚 科利尔,爵士,71,25.9,8.7,3.3,6.3,0.9,0.2,42.2%,42,24.9%,68.2%
266,乔治斯 尼昂,老鹰,51,20.6,8.7,3.7,1.3,0.3,0.1,47.7%,90,40%,79.3%
267,约纳斯 瓦兰丘纳斯,国王,32,16.9,8.7,7,1.8,0.5,0.6,55.6%,1,10%,84.7%
268,凯肖恩 乔治,奇才,68,26.5,8.7,4.2,2.5,1,0.7,37.2%,114,32.2%,75.3%
269,丹特 艾克萨姆,独行侠,20,18.6,8.7,1.7,2.8,0.6,0.2,47.8%,23,43.4%,74.2%
270,杰登 哈迪,独行侠,57,15.9,8.7,1.6,1.4,0.5,0.1,43.5%,76,38.6%,69.8%
271,德雷克 莱夫利二世,独行侠,36,23.1,8.7,7.5,2.4,0.6,1.6,70.2%,0,0%,63%
272,泰雷塞 马丁,篮网,60,21.9,8.7,3.7,2,0.6,0.2,40.6%,99,35.1%,79.3%
273,奥谢 布里塞特,凯尔特人,6,23.7,8.7,3.7,0.7,0.7,0.5,48.7%,6,33.3%,57.1%
274,马库斯 斯马特,灰熊,19,21.1,8.7,2.3,3.7,1.2,0.3,35.8%,29,32.2%,83.3%
275,科尔比 琼斯,国王,15,25.7,8.7,4.3,2.5,1.3,0.4,46.6%,12,30.8%,65.7%
276,肯塔维奥斯 考德威尔-波普,魔术,77,29.6,8.7,2.2,1.8,1.3,0.4,43.9%,113,34.2%,86.3%
277,莱斯特 奎诺内斯,鹈鹕,9,18.4,8.6,1.7,2.6,0.3,0.2,38.6%,13,31.7%,83.3%
278,扎克 科林斯,公牛,28,19.7,8.6,6.7,2.1,0.5,0.5,54.1%,18,30%,88.4%
279,贾科比 沃尔特,猛龙,52,21.2,8.6,3.1,1.6,0.8,0.2,40.5%,65,34.9%,79.5%
280,马塔斯 布泽利斯,公牛,80,18.9,8.6,3.5,1,0.4,0.9,45.4%,96,36.1%,81.5%
281,优素福 努尔基奇,太阳,25,23.7,8.6,9.2,1.9,0.9,0.6,45.4%,19,32.2%,69.6%
282,海梅 雅克,热火,66,20.7,8.6,4.4,2.5,0.9,0.2,46.1%,37,31.1%,75.4%
283,拉里 南斯,老鹰,24,19.3,8.5,4.3,1.6,0.8,0.5,51.6%,34,44.7%,69.2%
284,萨姆 豪泽,凯尔特人,71,21.7,8.5,3.2,0.9,0.6,0.2,45.1%,166,41.6%,100%
285,马克斯 克里斯蒂,独行侠,46,25.1,8.5,2.7,1.4,0.8,0.5,44.4%,60,36.8%,85.1%
286,杰伦 诺埃尔,鹈鹕,8,21,8.4,2.5,2.3,0.1,0.5,35.6%,8,29.6%,63.6%
287,布鲁斯 布朗,鹈鹕,18,19.6,8.4,3.8,1.6,0.9,0.2,43.5%,11,30.6%,89.7%
288,卡森 华莱士,雷霆,68,27.6,8.4,3.4,2.5,1.8,0.5,47.4%,74,35.6%,81.1%
289,基恩 埃利斯,国王,80,24.4,8.3,2.7,1.5,1.5,0.8,48.9%,139,43.3%,84.9%
290,达拉诺 班顿,开拓者,67,16.7,8.3,2,2.4,0.6,0.5,39.1%,72,32.4%,72.8%
291,布兰登 威廉姆斯,独行侠,33,14.8,8.3,1.8,2.3,0.7,0.2,52.1%,24,40%,83.3%
292,布兰登 克拉克,灰熊,64,18.9,8.3,5.1,1,0.8,0.6,62.1%,1,5.9%,70.1%
293,布鲁斯 布朗,鹈鹕,23,24.7,8.2,4.2,2.4,0.7,0.3,41%,16,35.6%,75%
294,杰伦 史密斯,公牛,64,15,8.2,5.6,1,0.3,0.7,46.6%,72,32.4%,80.9%
295,托里安 普林斯,雄鹿,80,27.1,8.2,3.6,1.9,1,0.2,45.7%,147,43.9%,81.3%
296,迈克 康利,森林狼,71,24.7,8.2,2.6,4.5,1.1,0.2,40%,127,41%,90%
297,佩顿 沃特森,掘金,68,24.4,8.1,3.4,1.4,0.7,1.4,47.7%,48,35.3%,69.3%
298,奥兰多 罗宾逊,国王,35,20.4,8.1,5.9,1.9,0.4,0.4,44.7%,16,34%,79.4%
299,昆滕 波斯特,勇士,42,16.3,8.1,3.5,1.3,0.4,0.4,44.9%,73,40.8%,77.8%
300,凯文 许尔特,公牛,43,20.9,7.9,2.8,1.7,0.8,0.4,41.3%,62,30.2%,71.4%
301,凯文 许尔特,公牛,43,20.9,7.9,2.8,1.7,0.8,0.4,41.3%,62,30.2%,71.4%
302,戴隆 夏普,篮网,50,18.1,7.9,6.6,1.8,0.8,0.8,52.1%,11,24.4%,75.7%
303,泰森 艾蒂安,篮网,7,21.6,7.9,1.3,1.7,0.4,0.1,32.7%,13,29.5%,80%
304,杰伦 胡德-斯基菲诺,湖人,13,23.2,7.8,2,2.8,0.4,0.5,37.1%,14,30.4%,84.2%
305,KJ 辛普森,黄蜂,36,23.4,7.8,3,3.1,0.9,0.2,34.6%,33,25.4%,82%
306,科迪 马丁,太阳,39,24.8,7.8,4.5,2.3,1.1,0.7,43.3%,40,32.3%,69.4%
307,卡洛 马特科维奇,鹈鹕,42,18.8,7.7,5,1.1,0.5,1,57.4%,21,31.8%,77.3%
308,朗佐 鲍尔,公牛,35,22.2,7.6,3.4,3.3,1.3,0.5,36.6%,67,34.4%,81.5%
309,奥斯卡 齐布韦,爵士,14,18.2,7.6,8.7,0.6,0.9,0.1,60%,0,0%,74.2%
310,加里森 马修斯,老鹰,47,17.7,7.5,1.9,1.3,0.6,0.3,39.7%,85,39%,82.1%
311,马蒂斯 塞布尔,开拓者,15,20.8,7.5,3.5,1.9,2.2,0.6,47.7%,21,43.8%,46.7%
312,瓦西里耶 米西奇,太阳,36,21.2,7.5,2.4,3.5,0.4,0,34.8%,45,36%,82.9%
313,理查恩 霍姆斯,奇才,31,17.2,7.4,5.7,1.4,0.3,0.7,64.7%,0,0%,83.3%
314,约什 格林,黄蜂,68,27.8,7.4,2.5,1.6,1.1,0.2,42.8%,97,39.1%,68.1%
315,AJ 格林,雄鹿,73,22.7,7.4,2.4,1.5,0.5,0.1,42.9%,155,42.7%,81.5%
316,科尔 斯威德,步行者,8,19.5,7.4,3.1,0.3,0.5,0.3,37.9%,15,35.7%,0%
317,谢克 米尔顿,湖人,27,18.2,7.4,1.9,2.4,0.6,0.1,46.5%,28,38.9%,75.8%
318,杰克 拉拉维亚,国王,47,20.9,7.3,4.4,2.8,0.9,0.4,49%,40,44.4%,69.8%
319,安德烈 德拉蒙德,76人,40,18.8,7.3,7.8,0.9,1,0.5,50%,3,15%,62.2%
320,里基 康斯尔,76人,73,17.1,7.3,2.9,1.3,0.4,0.2,38.2%,55,25.8%,80.4%
321,达米恩 鲍,尼克斯,15,24.7,7.3,3.3,3.7,1,0.1,32.3%,12,21.4%,86.7%
322,亚历克 伯克斯,热火,49,17.6,7.3,2.5,1.1,0.6,0.1,42.4%,88,42.5%,77.6%
323, 克雷伊奇,老鹰,57,20.2,7.2,2.7,2.6,0.6,0.5,49.7%,90,43.7%,71.1%
324,戴奎翁 普洛登,老鹰,6,12,7.2,1.8,0.3,0,0,64%,9,52.9%,100%
325,萨姆 梅里尔,骑士,71,19.7,7.2,2.2,1.5,0.7,0.2,40.6%,137,37.2%,96.6%
326,内奎万 汤姆林,骑士,5,12.6,7.2,4.2,0.4,0,0.2,40.6%,2,20%,72.7%
327,GG 杰克逊,灰熊,29,15.8,7.2,3.2,1,0.4,0.2,37.2%,32,33.7%,72.5%
328,博恩斯 海兰,老鹰,20,11.1,7.2,1.2,1.4,0.9,0.2,39.1%,31,38.8%,88.5%
329,特里斯坦 达席尔瓦,魔术,74,22,7.2,3.3,1.5,0.4,0.2,41.2%,80,33.5%,87.3%
330,戈加 比塔泽,魔术,70,20.4,7.2,6.6,2,0.7,1.4,61.1%,3,10.7%,63.9%
331,科林 卡斯尔顿,湖人,11,26.2,7.2,6.9,1.6,0.5,0.7,50%,2,25%,72.2%
332,凯利 奥利尼克,鹈鹕,24,16,7.1,3.7,2.3,0.7,0.3,50%,19,44.2%,79.1%
333,贾马尔 谢德,猛龙,75,19.6,7.1,1.5,4.2,0.8,0.1,40.5%,72,32.3%,76.8%
334,亚历克斯 卡鲁索,雷霆,54,19.3,7.1,2.9,2.5,1.6,0.6,44.6%,60,35.3%,82.4%
335,贾米森 巴特尔,猛龙,59,17.7,7.1,2.7,0.9,0.3,0.2,42.9%,105,40.5%,88.9%
336,杰伦 西姆斯,黄蜂,6,18.7,7,1,2,0.5,0.2,42.9%,6,40%,80%
337,马库斯 加雷特,黄蜂,4,19.8,7,1.5,3.3,0.8,0.5,40.7%,3,37.5%,75%
338,以赛亚 杰克逊,步行者,5,16.8,7,5.6,1,0.6,1.6,60.9%,0,0%,50%
339,杰夫 道汀,76人,41,15.1,7,1.5,1.9,0.6,0.3,48.7%,28,40%,73.3%
340,托马斯 布莱恩特,热火,56,15.1,6.9,3.9,0.9,0.5,0.6,51.5%,42,32.1%,83%
341,莱恩 邓恩,太阳,74,19.1,6.9,3.6,0.8,0.6,0.5,43%,82,31.1%,48.7%
342,安东尼奥 里夫斯,鹈鹕,44,15,6.9,1.4,0.9,0.5,0.1,45.6%,51,39.5%,80%
343,托里 克雷格,凯尔特人,9,12.6,6.9,2.8,0.6,0.2,0.1,48.9%,15,42.9%,75%
344,丘马 奥基基,骑士,7,24.4,6.9,6.1,1.9,0.7,0.4,54.5%,10,45.5%,66.7%
345,杰 赫夫,灰熊,64,11.7,6.9,2,0.6,0.3,0.9,51.5%,81,40.5%,78.6%
346,贾里德 巴特勒,76人,32,11.3,6.9,1.3,2.6,0.4,0.2,48.3%,15,36.6%,77.8%
347,卡梅隆 佩恩,尼克斯,72,15.1,6.9,1.4,2.8,0.5,0.2,40.1%,93,36.3%,90.7%
348,埃里克 戈登,76人,39,19.7,6.8,1.2,1.7,0.7,0.3,42.6%,56,40.9%,75%
349,贾克森 海斯,湖人,56,19.5,6.8,4.8,1,0.6,0.9,72.2%,0,0%,62.2%
350,波尔 波尔,太阳,36,12.4,6.8,2.9,0.6,0.3,0.7,52.5%,32,34.4%,76.9%
351,达坎 杰弗里斯,尼克斯,47,22.8,6.7,2.9,1.1,0.6,0.5,40.5%,55,33.5%,80%
352,凯尔 安德森,勇士,25,18.4,6.7,3.8,2.6,0.6,0.5,49.3%,6,33.3%,78.9%
353,马库斯 巴格利,76人,10,25.3,6.7,7,1,0.9,1.2,39.1%,5,15.6%,80%
354,马库斯 萨瑟,活塞,57,14.2,6.6,1.2,2.3,0.6,0.1,46.3%,58,38.2%,84.3%
355,文斯 威廉姆斯,灰熊,27,18.5,6.6,3.6,2,0.4,0.3,40.1%,26,27.4%,79.2%
356,特雷斯 杰克逊-戴维斯,勇士,62,15.6,6.6,5,1.7,0.4,0.6,57.6%,0,0%,57.8%
357,普雷舍斯 阿丘瓦,尼克斯,57,20.5,6.6,5.6,1,0.8,0.7,50.2%,10,27.8%,59.4%
358,赛斯 库里,黄蜂,68,15.6,6.5,1.7,0.9,0.4,0.1,47.8%,83,45.6%,84.6%
359,塔伦 霍顿-塔克,公牛,58,12.5,6.5,1.7,1.4,0.4,0.2,45.7%,41,33.6%,73.5%
360,阿杰 米切尔,雷霆,36,16.6,6.5,1.9,1.8,0.7,0.1,49.5%,23,38.3%,82.9%
361,加里 佩顿二世,勇士,62,15,6.5,3,1.3,0.8,0.3,57.4%,31,32.6%,71.1%
362,特雷 莱尔斯,国王,69,19.6,6.5,4.6,1.2,0.6,0.3,42%,81,34%,70%
363,海伍德 海史密斯,热火,74,24.6,6.5,3.4,1.5,0.9,0.5,45.8%,89,38.2%,72.1%
364,多诺万 克林根,开拓者,67,19.8,6.5,7.9,1.1,0.5,1.6,53.9%,14,28.6%,59.6%
365,克里斯 邓恩,快船,74,24.1,6.4,3.4,2.8,1.7,0.4,43.9%,75,33.5%,68.2%
366,盖布 文森特,湖人,72,21.2,6.4,1.3,1.4,0.7,0.2,40%,109,35.3%,71.4%
367,KJ 马丁,76人,24,20,6.4,3,0.8,0.5,0.7,61.6%,8,38.1%,82.8%
368,罗纳德 霍兰德二世,活塞,81,15.6,6.4,2.7,1,0.6,0.2,47.4%,36,23.8%,75.4%
369,KJ 马丁,76人,19,22.7,6.3,2.8,1.5,0.3,0.3,49%,7,18.9%,72.2%
370,杰雷米亚 罗宾逊-厄尔,鹈鹕,66,18.8,6.3,4.8,1.3,0.6,0.1,45.5%,56,34.1%,83.6%
371,桑德罗 马穆拉什维利,马刺,61,11.2,6.3,3.1,0.8,0.4,0.3,50.2%,60,37.3%,74.1%
372,达维恩 米切尔,热火,44,24.5,6.3,1.9,4.6,0.7,0.2,43.4%,42,35.9%,67.6%
373,肯里奇 威廉姆斯,雷霆,69,16.4,6.3,3.5,1.4,0.6,0.1,48.3%,66,38.6%,71.8%
374,德鲁 史密斯,热火,14,19.1,6.2,2.6,1.6,1.5,0.4,50.8%,16,53.3%,75%
375,莱恩 罗林斯,雄鹿,56,14.6,6.2,1.9,1.9,0.8,0.3,48.7%,49,40.8%,80%
376,本 西蒙斯,快船,33,25,6.2,5.2,6.9,0.8,0.5,54.7%,0,0%,69.2%
377,乔纳森 莫格博,猛龙,63,20.4,6.2,4.9,2.3,0.9,0.5,43.8%,17,24.3%,73.2%
378,艾萨克 奥科罗,骑士,55,19.1,6.1,2.4,1.2,0.6,0.3,46.4%,56,37.1%,71.7%
379,杰克 拉拉维亚,国王,19,19.3,6.1,2.8,1.3,0.9,0.2,43.8%,20,38.5%,57.9%
380,贾拉斯 沃克,步行者,75,15.8,6.1,3.1,1.5,0.7,0.3,47.2%,75,40.5%,66.7%
381,以赛亚 王,步行者,20,13.3,6,1.6,1.4,0.6,0,39%,13,39.4%,73.5%
382,穆罕默德 盖耶,老鹰,33,16.2,6,4.2,0.8,0.8,1,42.1%,21,25.9%,76.2%
383,卢克 科内特,凯尔特人,73,18.6,6,5.3,1.6,0.5,1,66.8%,0,0%,69.1%
384,以赛亚 斯图尔特,活塞,72,19.9,6,5.5,1.7,0.4,1.4,55.9%,17,32.1%,75.9%
385,恩法利 丹特,火箭,4,12.8,6,5.3,0.5,0.3,1.3,76.9%,0,0%,80%
386,特伦斯 曼恩,老鹰,37,19.8,6,2.9,1.6,0.8,0.3,44.6%,26,34.7%,71.9%
387,大卫 罗迪,老鹰,3,9.7,6,3,1,0.7,0,42.1%,2,18.2%,0%
388,约什 奥科吉,太阳,25,14,6,2.9,0.6,0.8,0.4,49.1%,16,38.1%,68.8%
389,以赛亚 莫布利,骑士,1,17,6,4,5,1,1,28.6%,1,33.3%,50%
390,科林 卡斯尔顿,湖人,5,19.6,6,7.4,2,0.2,0.2,50%,0,0%,66.7%
391,詹姆斯 怀斯曼,步行者,1,5,6,1,0,0,0,50%,0,0%,100%
392,西蒙尼 冯泰奇奥,活塞,75,16.5,5.9,2.9,0.9,0.4,0.2,40.2%,76,33.5%,83.3%
393,科林 吉莱斯皮,太阳,33,14,5.9,2.4,2.4,0.6,0.2,43%,39,43.3%,86.4%
394,提贾尼 萨隆,黄蜂,60,20.7,5.9,4.7,1.2,0.5,0.2,33%,58,28.3%,71.3%
395,杰林 威廉姆斯,雷霆,47,16.7,5.9,5.6,2.6,0.5,0.6,43.9%,61,39.9%,76.7%
396,贾文特 格林,骑士,50,21.8,5.8,3.6,0.9,1.1,0.6,44.6%,38,35.2%,75.8%
397,德鲁 尤班克斯,快船,37,15.4,5.8,4.5,1.2,0.3,0.9,60.7%,3,60%,63.2%
398,罗伯特 威廉姆斯三世,开拓者,20,17.6,5.8,5.9,1.1,0.7,1.7,64.1%,1,33.3%,88.2%
399,杰伦 马丁,篮网,13,18,5.8,3.4,1.3,0.7,0,41.7%,6,27.3%,90%
400,昆顿 杰克逊,步行者,28,13.6,5.8,1.6,1.9,0.8,0.2,47.5%,15,37.5%,77.5%
401,罗伯特 威廉姆斯三世,开拓者,20,17.6,5.8,5.9,1.1,0.7,1.7,64.1%,1,33.3%,88.2%
402,穆萨 迪亚巴特,黄蜂,71,17.5,5.7,6.2,0.8,0.6,0.6,59.6%,0,0%,59.5%
403,达里克 怀特海德,篮网,20,12.3,5.7,1.5,0.6,0.3,0.1,40.6%,33,44.6%,60%
404,兰德里 沙梅特,尼克斯,50,15.2,5.7,1.2,0.5,0.5,0.1,46.1%,62,39.7%,66.7%
405,乔丹 古德温,湖人,29,18.7,5.6,3.9,1.4,1,0.4,43.8%,26,38.2%,81.8%
406,林迪 沃特斯三世,勇士,38,17.2,5.5,2.5,1.1,0.6,0.3,37.1%,49,33.1%,72.7%
407,阿隆 霍勒迪,火箭,62,12.8,5.5,1.3,1.3,0.3,0.2,43.7%,72,39.8%,82.9%
408,马基夫 莫里斯,独行侠,8,15.5,5.5,1.9,2.1,0.1,0.3,33.3%,7,30.4%,83.3%
409,基顿 华莱士,老鹰,31,16.2,5.4,1.6,2.6,0.9,0.3,40.1%,27,32.9%,100%
410,迪安 韦德,骑士,59,21.2,5.4,4.2,1.3,0.7,0.3,41.3%,80,36%,53.3%
411,凯莱布 马丁,独行侠,14,19.6,5.4,2.9,1.9,0.9,0.2,38.9%,4,25%,62.5%
412,杰夫 格林,火箭,32,12.4,5.4,1.8,0.6,0.2,0.1,50.4%,29,36.7%,80.8%
413,乔纳森 艾萨克,魔术,71,15.4,5.4,4.4,0.6,0.9,1.1,41.4%,39,25.8%,68.2%
414,温德尔 摩尔,活塞,16,17.5,5.4,3.2,1.2,0.6,0.1,47.4%,10,37%,62.5%
415,科比 巴夫金,老鹰,10,12.4,5.3,2.1,1.7,0.3,0.2,38.3%,4,21.1%,72.2%
416,贾马尔 凯恩,鹈鹕,37,13.6,5.3,2.3,0.6,0.6,0.2,43%,26,32.5%,68%
417,凯尔 安德森,勇士,36,15,5.3,3.1,2.3,0.7,0.6,45%,19,36.5%,66.7%
418,凯文 乐福,热火,23,10.9,5.3,4.1,1,0.7,0.2,35.7%,24,35.8%,69.6%
419,帕特 康诺顿,雄鹿,41,14.7,5.3,2.7,1.7,0.2,0.3,46.9%,26,32.1%,77.4%
420,马克斯韦尔 刘易斯,湖人,21,14.2,5.3,2.5,0.8,0.4,0.3,42.2%,19,38%,70%
421,本 谢泼德,步行者,63,19.5,5.3,2.8,1.3,0.6,0.2,41.8%,68,34.2%,88.9%
422,亚历克斯 里斯,76人,14,15.3,5.3,3.3,0.3,0.7,0.7,47.2%,15,36.6%,75%
423,蒙特 莫里斯,太阳,45,12.7,5.2,1.5,1.6,0.4,0.1,42.6%,31,36%,85.7%
424,贾巴里 沃克,开拓者,60,12.5,5.2,3.5,0.6,0.6,0.1,51.5%,28,38.9%,69%
425,俾斯麦 比永博,马刺,28,18.9,5.1,5.6,1.1,0.6,0.8,58.8%,0,0%,40%
426,米切尔 罗宾逊,尼克斯,17,17.1,5.1,5.9,0.8,0.9,1.1,66.1%,0,0%,68.4%
427,内米亚斯 奎塔,凯尔特人,62,13.9,5,3.8,0.7,0.3,0.7,65%,0,0%,75.4%
428,阿隆德斯 威廉姆斯,快船,1,4,5,0,1,0,0,100%,1,100%,0%
429,马拉基 布拉纳姆,马刺,47,9.1,5,1.1,0.8,0.2,0.1,45.8%,34,40.5%,81.8%
430,马文 巴格利三世,灰熊,19,8.8,4.9,2.9,0.4,0.4,0.3,53.5%,2,20%,65.2%
431,特雷维林 奎恩,魔术,31,13.9,4.9,1.7,1.2,1,0.3,38.1%,22,28.6%,85.7%
432,乔克 兰代尔,火箭,42,11.9,4.8,3.3,0.9,0.3,0.2,53.3%,11,42.3%,67.5%
433,泰勒 亨德里克斯,爵士,3,25,4.7,5,0.7,1.7,1.3,22.2%,3,25%,75%
434,朱利安 菲利普斯,公牛,79,14.2,4.6,2.1,0.5,0.5,0.3,44.6%,50,32.7%,78.9%
435,科迪 威廉姆斯,爵士,50,21.2,4.6,2.3,1.2,0.5,0.3,32.3%,35,25.9%,72.5%
436,莫 班巴,鹈鹕,28,12.6,4.6,4.3,0.6,0.3,1,46.6%,15,30%,68%
437,扎克 科林斯,公牛,36,11.8,4.6,2.8,1.4,0.4,0.4,46.2%,14,30.4%,88.6%
438,佩莱 拉尔森,热火,55,14.2,4.6,1.7,1.2,0.6,0.1,43.8%,32,33.7%,67.2%
439,大卫 罗迪,老鹰,27,12.8,4.5,2.6,1.1,0.4,0.3,47.3%,16,37.2%,81.8%
440,达伦 特里,公牛,73,13.5,4.5,1.7,1.3,0.6,0.2,44.8%,37,35.6%,71%
441,凯文 鲁尼,勇士,76,15,4.5,6.1,1.6,0.6,0.5,51.4%,2,40%,56.6%
442,罗布 迪林厄姆,森林狼,49,10.5,4.5,1,2,0.4,0,44.1%,25,33.8%,53.3%
443,杰特 霍华德,魔术,60,11.7,4.5,1.2,0.7,0.2,0.2,37.4%,55,29.6%,69.6%
444,梅森 普拉姆利,太阳,74,17.6,4.5,6.1,1.8,0.4,0.6,61.9%,0,0%,64.8%
445,里德 谢泼德,火箭,52,12.6,4.4,1.5,1.4,0.7,0.3,35.1%,48,33.8%,81.3%
446,特雷 琼斯,公牛,28,16.1,4.4,2.1,3.7,0.6,0.2,48.4%,8,30.8%,75.8%
447,帕蒂 米尔斯,快船,17,15.3,4.4,1.2,1.2,0.7,0.2,34.2%,17,29.8%,100%
448,查尔斯 巴锡,马刺,36,10.4,4.4,4.2,0.5,0.4,0.8,58.1%,0,0%,63.6%
449,拉马尔 斯蒂文斯,灰熊,17,9.2,4.4,2.2,0.5,0.3,0.2,46%,8,29.6%,72.7%
450,托尼 布拉德利,老鹰,14,8.1,4.4,3,0.4,0.1,0.6,64.4%,1,33.3%,33.3%
451,查尔斯 巴锡,马刺,36,10.4,4.4,4.2,0.5,0.4,0.8,58.1%,0,0%,63.6%
452,特雷 琼斯,公牛,28,16.1,4.4,2.1,3.7,0.6,0.2,48.4%,8,30.8%,75.8%
453,丹尼尔 泰斯,鹈鹕,38,16.3,4.3,4.3,1.6,0.5,0.5,47.3%,9,24.3%,83.8%
454,杰文 卡特,公牛,36,8.9,4.3,1.1,1.1,0.4,0.1,37.7%,35,33.3%,80%
455,迈卡 波特,爵士,38,18.6,4.3,4.3,0.8,0.4,0.4,42.2%,31,31.6%,85%
456,大卫 罗迪,老鹰,3,11.7,4.3,1.7,0.7,0,0.3,38.5%,1,14.3%,50%
457,特伦斯 香农,森林狼,32,10.6,4.3,1.5,1,0.2,0.2,48.2%,11,35.5%,81%
458,德隆 赖特,雄鹿,14,16.4,4.3,1.4,2.1,0.9,0.2,46.9%,8,33.3%,66.7%
459,多米尼克 巴洛,老鹰,35,10.7,4.2,2.4,0.5,0.3,0.5,53.1%,7,25.9%,63.6%
460,卡姆 斯宾塞,灰熊,25,10.1,4.2,1.2,1.4,0.4,0.1,41.5%,19,35.8%,100%
461,凯斯勒 爱德华兹,独行侠,40,15.2,4.2,2.9,1.1,0.5,0.5,49.6%,22,40.7%,92.3%
462,奥索 伊格达罗,太阳,61,17.1,4.2,3.6,1.2,0.5,0.5,60.4%,0,0%,58%
463,克里斯 穆雷,开拓者,69,15.1,4.2,2.6,1,0.5,0.2,41.9%,27,22.5%,45.6%
464,杜普 里斯,开拓者,46,10.2,4.2,2,0.6,0.3,0.3,42.2%,34,32.1%,90.9%
465,杰伦 皮克特,掘金,49,13.6,4.1,1.4,2.2,0.4,0.1,42.8%,40,39.6%,75%
466,古伊 桑托斯,勇士,56,13.6,4.1,3.1,1.4,0.4,0.2,45.8%,34,33%,69%
467,乔丹 米勒,快船,37,11.4,4.1,1.6,0.9,0.5,0.1,43.3%,8,21.1%,80%
468,贾里德 范德比尔特,湖人,36,16.1,4.1,5.1,1.1,1,0.3,48.8%,9,28.1%,55.6%
469,托马斯 布莱恩特,热火,10,11.5,4.1,3.2,0.4,0.1,0.9,42.9%,6,35.3%,100%
470,保罗 里德,活塞,45,9.7,4.1,2.7,1,0.9,0.6,50.7%,8,28.6%,76.2%
471,杰伦 克拉克,森林狼,40,13.1,4.1,1.3,0.7,0.9,0.1,46.7%,22,43.1%,78.4%
472,凯莱布 休斯坦,魔术,58,13.6,4.1,1.3,0.6,0.4,0.1,42.1%,64,40%,88.2%
473,尼古拉斯 巴图姆,快船,78,17.5,4,2.8,1.1,0.7,0.5,43.7%,88,43.3%,81%
474,罗恩 哈珀,凯尔特人,1,17,4,7,2,0,0,12.5%,0,0%,100%
475,马乔恩 博尚,快船,3,5.7,4,1,0.7,0,0,57.1%,2,66.7%,50%
476,约什 理查德森,热火,8,18.6,4,1.5,1.5,1,0.1,28.9%,6,27.3%,100%
477,奥利维尔-马克桑斯 普罗斯珀,独行侠,52,11.2,3.9,2.4,0.8,0.5,0.1,40.2%,12,23.5%,64.5%
478,斯蒂文 亚当斯,火箭,58,13.7,3.9,5.6,1.1,0.4,0.5,54.5%,0,0%,46.2%
479,谢克 米尔顿,湖人,30,11.5,3.9,1.8,1.3,0.3,0.1,43.3%,10,29.4%,84.6%
480,凯尔 洛瑞,76人,35,18.8,3.9,1.9,2.7,0.9,0.3,35%,29,33%,81.8%
481,JT 索尔,骑士,11,18.8,3.9,3.8,0.5,0.5,0.5,36.4%,3,20%,57.1%
482,杰登 斯普林格,凯尔特人,17,13.2,3.8,2,1.4,0.7,0.2,41.1%,6,20.7%,70.6%
483,布兰登 卡尔森,雷霆,32,7.7,3.8,1.7,0.4,0.2,0.7,44.3%,22,33.3%,77.8%
484,皮特 南斯,骑士,6,11.7,3.8,1.8,1.2,0.2,0.3,52.9%,5,41.7%,0%
485,奥斯曼 吉昂,雷霆,37,10.9,3.8,2.2,0.8,0.5,0.2,43.2%,23,32.4%,68.8%
486,德文 卡特,国王,36,11,3.8,2.1,1.1,0.6,0.1,37%,18,29.5%,59.1%
487,埃莫尼 贝茨,骑士,10,7.5,3.7,0.7,0.8,0.1,0.1,34.2%,11,36.7%,0%
488,克雷格 波特,骑士,51,10.1,3.7,1.3,1.4,0.3,0.3,51.4%,21,43.8%,71.9%
489,德安德烈 乔丹,掘金,56,12.3,3.7,5.1,0.9,0.3,0.5,65%,0,0%,42.2%
490,马拉奇 弗林,马刺,3,9.7,3.7,1.7,1,0.3,0,50%,1,100%,66.7%
491,杰克逊 罗,勇士,6,8.7,3.7,1.8,0.7,0.7,0,47.1%,3,30%,50%
492,科迪 马丁,太阳,14,14.7,3.7,3.4,1.1,0.9,0.4,35.1%,3,11.1%,75%
493,布莱克 韦斯利,马刺,58,11.8,3.7,1.1,2,0.6,0.1,43.5%,17,29.3%,62.3%
494,贝勒 谢尔曼,凯尔特人,31,12.4,3.6,2.1,1.1,0.5,0.1,35.5%,26,31.7%,75%
495,杰隆 泰森,骑士,47,9.6,3.6,2,0.9,0.3,0.1,43%,20,34.5%,79.2%
496,杰肖恩 泰特,火箭,52,11.3,3.6,2.3,0.9,0.5,0.1,47.3%,16,34.8%,68.1%
497,马文 巴格利三世,灰熊,12,8.3,3.6,2.3,0.3,0.2,0.3,48.6%,1,11.1%,66.7%
498,达里奥 萨里奇,掘金,16,13.1,3.5,3.1,1.4,0.4,0.1,36.2%,7,26.9%,70%
499,卢卡 加尔扎,森林狼,39,5.6,3.5,1.4,0.3,0.2,0.1,49.5%,10,27.8%,68.6%
500,科里 约瑟夫,魔术,50,12.2,3.5,1.5,1.4,0.5,0.1,40.3%,39,36.4%,77.8%
501,道格 麦克德莫特,步行者,42,8.1,3.5,0.5,0.2,0.1,0.1,42.7%,44,43.6%,60%
502,贾马里 布耶,雄鹿,5,12.4,3.4,1,2,0.8,0.4,50%,1,20%,66.7%
503,安德烈 杰克逊,雄鹿,67,14.6,3.4,2.7,1.2,0.5,0.2,47.7%,30,39.5%,50%
504,林迪 沃特斯三世,勇士,14,8.8,3.4,1,0.7,0.4,0.1,36.4%,15,39.5%,0%
505,艾萨克 琼斯,国王,40,7.6,3.4,1.4,0.3,0.1,0.3,65.1%,3,37.5%,63.9%
506,布鲁诺 费尔南多,猛龙,17,8.6,3.4,3,1.1,0.2,0.5,53.1%,0,0%,75%
507,贾文特 格林,骑士,18,9.2,3.3,2.2,0.6,0.6,0.1,36.5%,8,24.2%,50%
508,凯勒 凯利,鹈鹕,3,19.7,3.3,6,1,0.3,0.3,44.4%,0,0%,50%
509,凯文 诺克斯二世,勇士,14,6,3.3,1.2,0.4,0.1,0.3,50%,4,26.7%,75%
510,内特 威廉姆斯,火箭,20,7.4,3.3,0.7,0.5,0.4,0.2,43.5%,6,23.1%,62.5%
511,达米恩 李,太阳,25,5.8,3.3,0.8,0.4,0.2,0,36.5%,9,24.3%,95.2%
512,温德尔 摩尔,活塞,20,11,3.2,2.2,1.2,0.5,0.2,46%,4,28.6%,92.9%
513,齐克 纳吉,掘金,57,10.7,3.2,1.6,0.4,0.4,0.7,49.6%,17,32.7%,61.4%
514,卡姆 雷迪什,湖人,33,17.8,3.2,2,0.7,1,0.3,40.4%,13,27.7%,61.5%
515,摩西 布朗,独行侠,9,5.1,3.2,1.4,0,0.2,0.1,65%,0,0%,60%
516,伊莱贾 哈克利斯,快船,10,13.8,3.2,2.1,0.8,1,0.1,31.4%,7,28%,50%
517,JT 索尔,骑士,9,4.8,3.1,0.7,0.1,0.2,0.3,60%,3,50%,87.5%
518,帕蒂 米尔斯,快船,12,5.1,3.1,0.1,0.4,0.1,0,50%,9,50%,88.9%
519,马克西 克勒贝尔,独行侠,34,18.7,3,2.8,1.3,0.3,0.5,38.5%,13,26.5%,76.2%
520,凯勒 凯利,鹈鹕,8,8.4,3,2.6,0.3,0,0.3,76.9%,0,0%,66.7%
521,帕特里克 鲍德温,快船,2,3,3,1.5,0.5,0,0,100%,2,100%,0%
522,PJ 塔克,快船,3,19.3,3,2.7,0,0.3,0.3,42.9%,3,50%,0%
523,加里 哈里斯,魔术,48,14.8,3,1.3,0.6,0.5,0.3,38.3%,36,35.6%,58.3%
524,塔兹 摩尔,开拓者,2,10,3,4,0.5,1,0,20%,1,25%,50%
525,拉扬 吕佩尔,开拓者,52,8.8,3,1.3,0.5,0.3,0.1,40.8%,16,27.1%,76.7%
526,本 西蒙斯,快船,18,16.4,2.9,3.8,3.1,0.7,0.4,43.4%,0,0%,85.7%
527,泰勒 史密斯,雄鹿,23,5.3,2.9,1.1,0.2,0.1,0.2,48%,13,43.3%,75%
528,AJ 约翰逊,雄鹿,7,6.3,2.9,1,1,0.1,0,42.1%,3,60%,50%
529,马克尔 富尔茨,国王,21,8.8,2.9,1,1.3,0.5,0.1,41.8%,4,50%,100%
530,泰 吉布森,黄蜂,37,11.1,2.9,3.2,0.6,0.2,0.5,49.5%,1,50%,60%
531,托里 克雷格,凯尔特人,17,11.8,2.7,2.8,0.7,0.4,0.6,35.6%,9,29%,62.5%
532,德鲁 尤班克斯,快船,24,7.4,2.7,2.4,0.4,0.1,0.3,55.1%,0,0%,78.6%
533,克沙德 约翰逊,热火,16,6.1,2.7,1.8,0.3,0.3,0.3,69.2%,3,42.9%,44.4%
534,里斯 比克曼,勇士,34,13.7,2.7,1.1,1.8,0.9,0.1,32.1%,7,17.5%,76.2%
535,雷杰 丹尼斯,快船,11,6.4,2.7,1.1,1.3,0.6,0.2,33.3%,6,28.6%,100%
536,大卫 杜克,马刺,6,5.7,2.7,0.8,0.7,0.2,0,42.9%,3,50%,50%
537,亨特 泰森,掘金,51,7.8,2.6,1.5,0.4,0.2,0.1,37.5%,23,31.1%,75%
538,特雷 杰米森,鹈鹕,22,10.3,2.6,2.8,0.3,0.1,0.4,61.9%,0,0%,41.7%
539,约什 米诺特,森林狼,46,6,2.6,1,0.4,0.3,0.3,48.9%,14,32.6%,89.5%
540,杰 克劳德,雄鹿,9,11.4,2.6,2.2,0.7,0.3,0,31.8%,4,26.7%,83.3%
541,丘马 奥基基,骑士,2,12.5,2.5,2,1,0,0.5,28.6%,1,16.7%,0%
542,莫 班巴,鹈鹕,4,15.3,2.5,6.3,0.5,0,0.8,44.4%,0,0%,100%
543,帕特 斯宾塞,勇士,39,6.4,2.5,1.2,1.2,0.4,0.1,40.6%,5,22.7%,73.3%
544,德隆 赖特,雄鹿,26,15.6,2.5,1.8,1.8,0.9,0.3,26.8%,12,24.5%,56.3%
545,马乔恩 博尚,快船,6,2.8,2.5,1.5,0.2,0.2,0,45.5%,1,20%,100%
546,乔丹 麦克劳林,国王,18,6.9,2.5,0.5,1.5,0.3,0.1,53.6%,9,45%,100%
547,安东尼 吉尔,奇才,51,7.8,2.5,1.3,0.3,0.2,0.1,48.9%,10,32.3%,66%
548,狄龙 琼斯,雷霆,54,10.2,2.5,2.2,1.1,0.3,0.1,38.3%,16,25.4%,60.7%
549,特雷 杰米森,鹈鹕,16,10.4,2.4,2.8,0.6,0.4,0.4,46.9%,0,0%,38.1%
550,克里斯蒂安 科洛科,湖人,37,9.2,2.4,2.5,0.4,0.2,0.4,60.6%,0,0%,71.4%
551,杰里乔 西姆斯,雄鹿,14,15,2.4,4.9,0.8,0.1,0.6,68%,0,0%,0%
552,约翰 康查尔,灰熊,46,12.1,2.4,3.3,0.9,0.7,0.3,45.1%,23,37.1%,87.5%
553,约翰尼 戴维斯,灰熊,34,7.1,2.4,1.1,0.3,0.4,0.2,41%,7,24.1%,60%
554,迈尔斯 诺里斯,凯尔特人,3,11.7,2.3,3,0,0.7,0.3,22.2%,2,28.6%,50%
555,布朗尼 詹姆斯,湖人,27,6.7,2.3,0.7,0.8,0.3,0.1,31.3%,9,28.1%,78.6%
556,莱斯特 奎诺内斯,鹈鹕,4,4.3,2.3,1,0.3,0,0,50%,0,0%,100%
557,梅森 琼斯,国王,10,4.5,2.3,0.9,1.1,0,0.1,50%,1,12.5%,80%
558,德鲁 彼得森,凯尔特人,25,7.4,2.2,1.6,0.5,0.2,0.1,41.5%,13,39.4%,77.8%
559,卡伊 琼斯,独行侠,28,7.4,2.2,1.6,0.4,0.2,0.5,72.2%,0,0%,75%
560,亚历克斯 莱恩,湖人,10,12.2,2.2,3.1,0.8,0.1,0.3,45.5%,1,33.3%,25%
561,泰泰 华盛顿,太阳,16,7.4,2.2,0.8,1,0.2,0,31.1%,4,19%,50%
562,JD 戴维森,凯尔特人,16,5.8,2.1,0.8,0.8,0.3,0.1,35.3%,4,22.2%,71.4%
563,克里斯 杜瓦蒂,公牛,17,4.4,2.1,1.2,0.5,0,0,46.2%,6,40%,75%
564,德怀特 鲍威尔,独行侠,55,10,2.1,2.1,1,0.3,0.4,68.9%,2,40%,65.1%
565,约翰尼 弗菲,步行者,50,7.6,2.1,1.4,0.4,0.4,0.2,38%,15,30%,81.8%
566,恩里克 弗里曼,步行者,22,8.2,2.1,1.4,0.4,0.1,0.1,43.2%,1,10%,68.4%
567,皮特 南斯,骑士,7,9.7,2.1,1.4,0.4,0.1,0,33.3%,4,33.3%,50%
568,奥兰多 罗宾逊,国王,9,6.3,2.1,1.6,1,0.3,0.1,41.2%,1,20%,57.1%
569,帕特里克 鲍德温,快船,22,4.6,2.1,1,0.1,0.1,0.1,51.5%,11,52.4%,50%
570,阿达马 萨诺戈,公牛,4,5.5,2,1.5,0.3,0,0,57.1%,0,0%,0%
571,杰伦 胡德-斯基菲诺,湖人,2,7,2,0.5,0.5,0,0.5,100%,0,0%,100%
572,约什 克里斯托弗,热火,14,4.9,2,0.6,0.6,0.4,0.2,35.5%,2,18.2%,66.7%
573,马乔恩 博尚,快船,26,4.7,2,1.2,0.3,0.1,0.1,38.3%,7,33.3%,75%
574,泰勒 科莱克,尼克斯,41,7.2,2,0.7,1.7,0.3,0.1,32.9%,14,29.8%,76.5%
575,西迪 西索科,开拓者,5,12,2,2.2,1.8,0.2,0.2,33.3%,0,0%,66.7%
576,亚历克斯 里斯,76人,1,2,2,1,0,0,0,100%,0,0%,0%
577,科比 布朗,快船,40,6.8,1.9,1.6,0.6,0.2,0.1,45.8%,6,23.1%,71.4%
578,阿瑞尔 胡克珀尔蒂,尼克斯,25,8.7,1.9,2,0.4,0,0.6,67.7%,0,0%,46.2%
579,乔丹 麦克劳林,国王,28,6.8,1.9,0.8,0.9,0.4,0,36.4%,10,38.5%,68.8%
580,加雷特 坦普尔,猛龙,28,8.1,1.9,1,1.1,0.6,0.1,30%,6,21.4%,91.7%
581,博比 克林特曼,活塞,8,5.3,1.9,0.9,0.9,0.3,0.1,60%,2,40%,50%
582,EJ 利德尔,公牛,12,4.4,1.8,0.8,0.3,0.1,0.1,53.3%,3,30%,100%
583,贾米尔 杨,公牛,6,5,1.8,0.5,1,0,0,80%,1,50%,100%
584,弗拉特科 钱查尔,掘金,13,10.5,1.8,2.5,0.7,0.2,0.2,38.5%,4,26.7%,0%
585,特伦汀 弗拉沃斯,快船,6,4.5,1.8,0.7,0,0,0,36.4%,0,0%,100%
586,亚当 弗拉格勒,雷霆,37,5.5,1.8,0.7,0.3,0.2,0.1,26%,14,19.4%,50%
587,杰登 斯普林格,凯尔特人,26,5.4,1.7,0.9,0.4,0.5,0,35.3%,6,31.6%,71.4%
588,特里斯坦 汤普森,骑士,40,8.2,1.7,3.4,0.6,0.1,0.3,43.7%,0,0%,23.3%
589,伊曼纽尔 米勒,公牛,6,4.2,1.7,1.3,0.3,0.2,0,50%,0,0%,100%
590,马基夫 莫里斯,独行侠,7,5.9,1.7,1.1,0.6,0.1,0.1,22.7%,2,15.4%,0%
591,PJ 霍尔,掘金,19,3.5,1.7,1.2,0.2,0,0.2,58.3%,2,25%,75%
592,帕科姆 达迪耶,尼克斯,18,6.2,1.7,1,0.3,0.2,0.1,32.3%,6,31.6%,66.7%
593,亚历克斯 杜卡斯,雷霆,21,6,1.7,1.2,0.2,0.2,0,40%,10,47.6%,100%
594,乔丹 沃尔什,凯尔特人,52,7.8,1.6,1.3,0.4,0.2,0.2,36.1%,15,27.3%,58.3%
595,杰克 麦克维,火箭,9,4.8,1.6,0.6,0.1,0,0.2,29.4%,4,30.8%,0%
596,阿梅尔 特拉奥雷,湖人,9,7.4,1.6,1.7,0.1,0.4,0.2,31.6%,0,0%,28.6%
597,杰里乔 西姆斯,雄鹿,39,10.8,1.6,3.3,0.6,0.2,0.3,60.9%,0,0%,61.5%
598,菲利普 惠勒,76人,5,8.8,1.6,1.6,0.4,0.2,0.4,14.3%,0,0%,100%
599,勇辉 河村,灰熊,22,4.2,1.6,0.5,0.9,0.1,0,36.7%,7,30.4%,77.8%
600,昆西 奥利瓦里,湖人,2,5,1.5,0,0.5,0,0,20%,1,20%,0%
601,昆西 奥利瓦里,湖人,2,5,1.5,0,0.5,0,0,20%,1,20%,0%
602,伦纳德 米勒,森林狼,13,2.5,1.5,0.8,0,0.2,0.1,40%,0,0%,100%
603,马特 莱恩,鹈鹕,19,3.6,1.5,0.4,0.2,0.1,0,32.3%,6,31.6%,100%
604,凯文 麦卡勒,尼克斯,4,7.3,1.5,2,0.5,0.3,0.3,28.6%,0,0%,100%
605,卡姆 克里斯蒂,快船,13,4.5,1.4,0.9,0.5,0.4,0.1,29.2%,2,15.4%,50%
606,克里斯 利文斯顿,雄鹿,21,5,1.4,1.7,0.2,0.2,0,33.3%,0,0%,75%
607,亚历克斯 莱恩,湖人,36,7.2,1.4,1.8,0.8,0.2,0.5,53.7%,1,16.7%,53.8%
608,科林 卡斯尔顿,湖人,10,4.6,1.4,0.9,0,0.1,0.1,20%,0,0%,90.9%
609,特雷 亚历山大,掘金,24,4.9,1.3,0.5,0.5,0.1,0.1,31.7%,3,17.6%,75%
610,斯宾塞 琼斯,掘金,20,6.3,1.3,0.9,0.3,0.3,0.3,32.4%,1,5.9%,100%
611,博恩斯 海兰,老鹰,4,4.3,1.3,0.3,1,0,0,66.7%,1,50%,0%
612,斯凯尔 拉比希埃,国王,4,3,1.3,0.8,0.3,0,0,50%,1,100%,0%
613,西迪 西索科,开拓者,17,3.2,1.3,0.6,0.4,0.1,0,50%,3,42.9%,16.7%
614,杰伦 布里奇斯,太阳,8,3.8,1.1,0.5,0,0,0,28.6%,2,28.6%,75%
615,科尔比 琼斯,国王,24,5.4,1.1,1,0.3,0.3,0.3,42.3%,4,40%,0%
616,泽维尔 蒂尔曼,凯尔特人,33,7,1,1.3,0.2,0.3,0.2,24.5%,5,15.6%,75%
617,卢克 特拉沃斯,骑士,12,7.3,1,1.7,0.7,0.1,0.1,25%,0,0%,100%
618,布拉克斯顿 基,掘金,3,3.7,1,0.7,0,0.7,0,0%,0,0%,50%
619,里斯 比克曼,勇士,2,2,1,0.5,0.5,0.5,0,100%,0,0%,0%
620,尤里 科林斯,勇士,2,8,1,1.5,2,1,0,33.3%,0,0%,0%
621,杰伦 马丁,篮网,3,1.7,1,0,0,0,0,50%,1,100%,0%
622,布莱斯 麦戈文斯,开拓者,13,2.5,1,0.2,0.2,0.1,0,28.6%,0,0%,83.3%
623,贾里德 罗登,猛龙,4,3,1,1,0.5,0.3,0,25%,0,0%,0%
624,丹尼斯 詹金斯,活塞,7,3.3,1,0.3,0.4,0,0,30%,1,14.3%,0%
625,埃尔弗里德 佩顿,鹈鹕,6,20.5,1,2.2,3.3,1,0.5,14.3%,0,0%,0%
626,安顿 沃特森,凯尔特人,9,2.4,0.9,0.3,0.2,0.1,0,44.4%,0,0%,0%
627,贾斯汀 米纳亚,开拓者,19,5.3,0.9,0.5,0.4,0.3,0.1,38.1%,2,20%,0%
628,以赛亚 克劳福德,国王,15,3.1,0.9,0.5,0.1,0.1,0.1,45.5%,1,20%,50%
629,乔 英格尔斯,森林狼,19,6,0.8,0.6,1.2,0.1,0,26.1%,3,20%,0%
630,PJ 多齐尔,森林狼,9,3.9,0.8,0.6,0.6,0.1,0,66.7%,2,66.7%,16.7%
631,哈里森 英格拉姆,马刺,5,7,0.8,1.8,0.6,0.6,0,50%,0,0%,0%
632,DJ 卡顿,猛龙,4,8.3,0.8,1,0.8,0.5,0,14.3%,0,0%,100%
633,斯坦利 乌姆德,雄鹿,22,3.9,0.7,0.8,0.2,0.1,0.3,19.2%,3,20%,50%
634,利亚姆 罗宾斯,雄鹿,13,4.4,0.7,0.9,0.2,0.2,0.2,25%,0,0%,50%
635,詹姆斯 约翰逊,步行者,12,3.1,0.7,0.5,0.3,0,0.2,36.4%,0,0%,0%
636,乌尔里希 乔姆切,猛龙,7,4.6,0.7,1.1,0.3,0,0.1,40%,0,0%,50%
637,马克斯韦尔 刘易斯,湖人,7,4.1,0.6,0.3,0.3,0.1,0,33.3%,0,0%,0%
638, 崔永熙,篮网,5,2,0.6,0.4,0,0,0,14.3%,0,0%,50%
639,特里斯坦 牛顿,森林狼,5,1.6,0.6,0,0.2,0,0,16.7%,0,0%,100%
640,雅各布 托平,老鹰,16,3.1,0.4,0.7,0.3,0.1,0,30%,0,0%,0%
641,戴什恩 尼克斯,森林狼,3,4.3,0.3,1.3,1,0,0,0%,0,0%,50%
642,马勒维 莱昂斯,雷霆,6,3.5,0.3,0.5,0.2,0,0,0%,0,0%,50%
643,马克 威廉姆斯,湖人,0,0,0,0,0,0,0,0%,0,0%,0%
644,瓦西里耶 米西奇,太阳,5,4.2,0,0.4,0.2,0,0,0%,0,0%,0%
645,特伦斯 戴维斯,雄鹿,1,8,0,1,1,0,0,0%,0,0%,0%
646,戴什恩 尼克斯,森林狼,0,0,0,0,0,0,0,0%,0,0%,0%
647,特里 泰勒,国王,2,2,0,0,0.5,0,0,0%,0,0%,0%
648,西迪 西索科,开拓者,0,0,0,0,0,0,0,0%,0,0%,0%
649,帕特里克 鲍德温,快船,0,0,0,0,0,0,0,0%,0,0%,0%
650,莱利 米尼克斯,马刺,1,7,0,2,0,0,0,0%,0,0%,0%
651,马克 麦克朗,魔术,2,5,0,0.5,1.5,0,0,0%,0,0%,0%
652,贾利尔 奥卡福,步行者,1,3,0,1,1,0,0,0%,0,0%,0%
653,瓦西里耶 米西奇,太阳,5,4.2,0,0.4,0.2,0,0,0%,0,0%,0%
654,特伦斯 戴维斯,雄鹿,1,8,0,1,1,0,0,0%,0,0%,0%
655,戴什恩 尼克斯,森林狼,0,0,0,0,0,0,0,0%,0,0%,0%
656,特里 泰勒,国王,2,2,0,0,0.5,0,0,0%,0,0%,0%
657,西迪 西索科,开拓者,0,0,0,0,0,0,0,0%,0,0%,0%
658,帕特里克 鲍德温,快船,0,0,0,0,0,0,0,0%,0,0%,0%
659,莱利 米尼克斯,马刺,1,7,0,2,0,0,0,0%,0,0%,0%
660,丹尼尔 泰斯,鹈鹕,0,0,0,0,0,0,0,0%,0,0%,0%
661,布兰登 英格拉姆,鹈鹕,0,0,0,0,0,0,0,0%,0,0%,0%
662,詹姆斯 怀斯曼,步行者,0,0,0,0,0,0,0,0%,0,0%,0%
663,约什 理查德森,热火,0,0,0,0,0,0,0,0%,0,0%,0%
664,莫 班巴,鹈鹕,0,0,0,0,0,0,0,0%,0,0%,0%
665,杰伦 胡德-斯基菲诺,湖人,0,0,0,0,0,0,0,0%,0,0%,0%
666,约翰尼 戴维斯,灰熊,0,0,0,0,0,0,0,0%,0,0%,0%
667,赛昂 普林,热火,3,1,0,0,0,0,0,0%,0,0%,0%
668,亚历克斯 莱恩,湖人,0,0,0,0,0,0,0,0%,0,0%,0%
669,杰伦 麦克丹尼尔斯,国王,4,1.8,0,0,0.3,0.3,0,0%,0,0%,0%
670,杰伦 诺埃尔,鹈鹕,0,0,0,0,0,0,0,0%,0,0%,0%
671,西迪 西索科,开拓者,0,0,0,0,0,0,0,0%,0,0%,0%
672,科尔 斯威德,步行者,2,6.5,0,1,0.5,0,0,0%,0,0%,0%
673,卡姆 雷迪什,湖人,0,0,0,0,0,0,0,0%,0,0%,0%
674,达尔顿 克内克特,湖人,0,0,0,0,0,0,0,0%,0,0%,0%
